{
  "project_info": {
    "project_number": "841827693587",
    "firebase_url": "https://comp3334group18-d78ad.firebaseio.com",
    "project_id": "comp3334group18-d78ad",
    "storage_bucket": "comp3334group18-d78ad.appspot.com"
  },
  "client": [
    {
      "client_info": {
        "mobilesdk_app_id": "1:841827693587:android:29e23130c2c8f55ba23be6",
        "android_client_info": {
          "package_name": "polyu.comp3334.comp3334group18"
        }
      },
      "oauth_client": [
        {
          "client_id": "841827693587-cnm5ll35tj67gbcql909e4haco7t7350.apps.googleusercontent.com",
          "client_type": 1,
          "android_info": {
            "package_name": "polyu.comp3334.comp3334group18",
            "certificate_hash": "438aeb037c5397fc0b85dbb7ff5660e540b1e081"
          }
        },
        {
          "client_id": "841827693587-mnvktgmepdmk67ft5naj4skal7k6cv8e.apps.googleusercontent.com",
          "client_type": 3
        }
      ],
      "api_key": [
        {
          "current_key": "AIzaSyBtUl9r9pe3qY5xuXLTbfyX1iB8U1tfT34"
        }
      ],
      "services": {
        "appinvite_service": {
          "other_platform_oauth_client": [
            {
              "client_id": "841827693587-mnvktgmepdmk67ft5naj4skal7k6cv8e.apps.googleusercontent.com",
              "client_type": 3
            }
          ]
        }
      }
    }
  ],
  "configuration_version": "1"
}